<?xml version="1.0"?>
<extension>
  <id>0a0f7b99-8841-4f79-8b51-a3f273b7d360</id>
  <name>PLUGIN_RADIRUKO_FMPP</name>
  <module>Plugins::RadiRuKoFmpp::Plugin</module>
  <version>7.1.0</version>
  <_revision></_revision>
  <_minBasicVersion>7.1</_minBasicVersion>
  <description>PLUGIN_RADIRUKO_FMPP_DESC</description>
  <creator>t-yoshi</creator>
  <defaultState>enabled</defaultState>       
  <homepageURL>https://github.com/t-yoshi/RadiRuKo-Plugin</homepageURL>

  <targetApplication>
    <id>SqueezeCenter</id>
    <minVersion>7.6</minVersion>
    <maxVersion>*</maxVersion>
  </targetApplication>

</extension>
