<?xml version="1.0"?>
<extension>
  <id>8a199a7a-29b5-4e54-a1e1-0b7269025f10</id>
  <name>PLUGIN_RADIRUKO_FF</name>
  <module>Plugins::RadiRuKoFf::Plugin</module>
  <version>9.1.0</version>
  <description>PLUGIN_RADIRUKO_FF_DESC</description>
  <creator>t-yoshi</creator>
  <defaultState>enabled</defaultState>       
  <homepageURL>https://github.com/t-yoshi/RadiRuKo-Plugin</homepageURL>

  <targetApplication>
    <id>Lyrion Music Server</id>
    <minVersion>8.2</minVersion>
    <maxVersion>*</maxVersion>
  </targetApplication>

</extension>
