<?xml version="1.0"?>
<extension>
  <id>e02d5a05-93bf-489b-bb3f-dc660e41620c</id>
  <name>PLUGIN_RADIRUKO_TIMEFREE</name>
  <module>Plugins::RadiRuKoTf::Plugin</module>
  <version>8.2.1</version>
  <description>PLUGIN_RADIRUKO_TIMEFREE_DESC</description>
  <creator>t-yoshi</creator>
  <homepageURL>https://github.com/t-yoshi/RadiRuKo-Plugin</homepageURL>

  <defaultState>enabled</defaultState>
  <icon>plugins/RadiRuKoTf/html/images/icon.png</icon>

  <targetApplication>
    <id>SqueezeCenter</id>
    <minVersion>7.7</minVersion>
    <maxVersion>*</maxVersion>
  </targetApplication>

</extension>
