<?xml version="1.0"?>
<extension>
  <id>0a0f7b99-8841-4f79-8b51-a3f273b7d360</id>
  <name>PLUGIN_RADIRUKO_FMPP</name>
  <module>Plugins::RadiRuKoFmpp::Plugin</module>
  <version>8.0.2</version>
  <_revision></_revision>
  <_minBasicVersion>8.0</_minBasicVersion>
  <description>PLUGIN_RADIRUKO_FMPP_DESC</description>
  <creator>t-yoshi</creator>
  <defaultState>enabled</defaultState>       
  <homepageURL>https://github.com/t-yoshi/RadiRuKo-Plugin</homepageURL>

  <targetApplication>
    <id>Logitech Media Server</id>
    <!--ogg opus has supported since v7.9.2 -->
    <minVersion>7.7</minVersion>
    <maxVersion>*</maxVersion>
  </targetApplication>

</extension>
