<?xml version="1.0"?>
<extension>
  <id>dbb95241-6e3d-47e3-888b-fbec4a2a3605</id>
  <name>PLUGIN_RAKUFM</name>
  <module>Plugins::RakuFM::Plugin</module>
  <version>5.1.0</version>
  <_minBasicVersion>5.1</_minBasicVersion>
  
  <description>PLUGIN_RAKUFM_DESC</description>
  <creator>t-yoshi</creator>

  <defaultState>enabled</defaultState>
  <icon>plugins/RakuFM/html/images/icon.gif</icon>
        
  <homepageURL>https://github.com/t-yoshi/RadiRuKo-Plugin</homepageURL>

  <targetApplication>
    <id>SqueezeCenter</id>
    <minVersion>7.5</minVersion>
    <maxVersion>7+</maxVersion>
  </targetApplication>

</extension>
