<?xml version="1.0"?>
<extension>
	<id>f8e3e171-3ee3-41fb-9d23-46c8bddf9458</id>
	<name>PLUGIN_RADIRUKO</name>
	<module>Plugins::RadiRuKo::Plugin</module>
	<version>7.0.0</version>
	<_revision></_revision>
	<description>PLUGIN_RADIRUKO_DESC</description>
	<creator>t-yoshi</creator>

	<defaultState>enabled</defaultState>
	<icon>plugins/RadiRuKo/html/images/icon.png</icon>
	<optionsURL>plugins/RadiRuKo/settings/basic.html</optionsURL>
		 
	<homepageURL>https://github.com/t-yoshi/RadiRuKo-Plugin</homepageURL>

	<targetApplication>
		<id>SqueezeCenter</id>
		<minVersion>7.6</minVersion>
		<maxVersion>7+</maxVersion>
	</targetApplication>

</extension>
