<?xml version="1.0"?>
<extension>
  <id>63779c81-92a4-4470-b05d-c72443504bbe</id>
  <name>PLUGIN_RADIRUKO_RADIRU_ONDEMAND</name>
  <module>Plugins::RadiRuKoRo::Plugin</module>
  <version>7.0.4</version>
  <description>PLUGIN_RADIRUKO_RADIRU_ONDEMAND_DESC</description>
  <creator>t-yoshi</creator>
  <homepageURL>https://github.com/t-yoshi/RadiRuKo-Plugin</homepageURL>

  <defaultState>enabled</defaultState>
  <icon>plugins/RadiRuKoRo/html/images/icon.png</icon>
  <_minBasicVersion>7.0</_minBasicVersion>

  <targetApplication>
    <id>SqueezeCenter</id>
    <minVersion>7.6</minVersion>
    <maxVersion>*</maxVersion>
  </targetApplication>

</extension>
