<?xml version="1.0"?>
<extension>
  <id>1cd684dd-8be1-4b15-9c7a-6aa3b62d92d1</id>
  <name>PLUGIN_RADIRUKO_PREMIUM</name>
  <module>Plugins::RadiRuKoPr::Plugin</module>
  <version>6.1.0</version>
  <_revision></_revision>
  <_minBasicVersion>6.1</_minBasicVersion>
  <description>PLUGIN_RADIRUKO_PREMIUM_DESC</description>
  <creator>t-yoshi</creator>

  <defaultState>enabled</defaultState>
	<optionsURL>plugins/RadiRuKoPr/settings/basic.html</optionsURL>
  <icon>plugins/RadiRuKoPr/html/images/icon.png</icon>
        
  <homepageURL>https://github.com/t-yoshi/RadiRuKo-Plugin</homepageURL>

  <targetApplication>
    <id>SqueezeCenter</id>
    <minVersion>7.6</minVersion>
    <maxVersion>7+</maxVersion>
  </targetApplication>

</extension>
