<?xml version="1.0"?>
<extension>
  <id>1cd684dd-8be1-4b15-9c7a-6aa3b62d92d1</id>
  <name>PLUGIN_RADIRUKO_PREMIUM</name>
  <module>Plugins::RadiRuKoPr::Plugin</module>
  <version>5.1.0</version>
  <_minBasicVersion>5.1</_minBasicVersion>
  <description>PLUGIN_RADIRUKO_PREMIUM_DESC</description>
  <creator>t-yoshi</creator>

  <defaultState>enabled</defaultState>
  <icon>plugins/RadiRuKoPr/html/images/icon.gif</icon>
        
  <homepageURL>https://github.com/t-yoshi/RadiRuKo-Plugin</homepageURL>

  <targetApplication>
    <id>SqueezeCenter</id>
    <minVersion>7.5</minVersion>
    <maxVersion>7+</maxVersion>
  </targetApplication>

</extension>
